"Estimator","Version","etahat_0","etahat_1","rdhat","rrhat","cov_00","cov_01","cov_11","var_rd","var_rr","eta_0","eta_1","rd","rr","seed","n_trial","n_aux","run_id","replicate"
"AIPW","Naive",0.444033199565617,0.346801253993681,-0.0972319455719367,0.78102550514904,0.00278615225023866,0.000459233773138966,0.00322718792551474,0.00509487262947546,0.0213495613376296,0.50831810883068,0.344751625022635,-0.163566483808045,0.67822023066558,91000001,500,500,"hal_aipw_mc20",1
"AIPW","Proposed",0.444791529240997,0.299980752241682,-0.144810776999315,0.674430002643208,0.00241707270161343,0.000275363982989331,0.00373448106501211,0.00560082580064687,0.0225560270141261,0.50831810883068,0.344751625022635,-0.163566483808045,0.67822023066558,91000001,500,500,"hal_aipw_mc20",1
"AIPW","Naive",0.453724586786066,0.383779898731882,-0.0699446880541845,0.845843293285837,0.000251358686461612,2.87696591106446e-05,0.000340376008336041,0.000534195376576364,0.0022905266194481,0.495193981564496,0.34646385329163,-0.148730128272866,0.699652795046147,91000002,5000,500,"hal_aipw_mc20",1
"AIPW","Proposed",0.48596501672808,0.348925964306238,-0.137039052421842,0.718006342628318,0.000667453620063062,0.000366836793131601,0.000994039932341718,0.000927819966141577,0.00343557427471291,0.495193981564496,0.34646385329163,-0.148730128272866,0.699652795046147,91000002,5000,500,"hal_aipw_mc20",1
"AIPW","Naive",0.458648933145183,0.400543382482064,-0.0581055506631187,0.873311488452268,0.00270535723063213,0.000680531801330956,0.00414231684445674,0.00548661047242696,0.0238496612125551,0.51478774903232,0.339585394807329,-0.175202354224991,0.659660987359683,91000003,500,5000,"hal_aipw_mc20",1
"AIPW","Proposed",0.49262673410623,0.346234010096242,-0.146392724009988,0.702832359929496,0.00204798727416549,1.6445578210612e-05,0.00371332037564223,0.00572841649338649,0.0193746217099888,0.51478774903232,0.339585394807329,-0.175202354224991,0.659660987359683,91000003,500,5000,"hal_aipw_mc20",1
"AIPW","Naive",0.449100324987343,0.383810216807382,-0.0652901081799611,0.854620216135891,0.000258292265995296,3.77944031645392e-05,0.000342715709074483,0.000525419168740701,0.0023142636478205,0.492883395778196,0.350036746601997,-0.142846649176199,0.710181656757449,91000004,5000,5000,"hal_aipw_mc20",1
"AIPW","Proposed",0.508412370897287,0.345376367355648,-0.163036003541639,0.679323295666665,0.000224015772798881,2.10269143476316e-05,0.000438823374128786,0.000620785318232403,0.00198710856363114,0.492883395778196,0.350036746601997,-0.142846649176199,0.710181656757449,91000004,5000,5000,"hal_aipw_mc20",1
"AIPW","Naive",0.444431874526466,0.345044495781993,-0.099387378744473,0.776372073109363,0.00249377887597352,0.000479604178455002,0.00304670601716388,0.0045812765362274,0.0192645988880998,0.48428801665316,0.351157957198836,-0.133130059454323,0.725101479127308,91000005,500,500,"hal_aipw_mc20",2
"AIPW","Proposed",0.492027932953994,0.286248534911667,-0.205779398042327,0.581772935518342,0.0019193290368372,0.000254613008016585,0.00434191203432217,0.0057520150551262,0.0193946255820866,0.48428801665316,0.351157957198836,-0.133130059454323,0.725101479127308,91000005,500,500,"hal_aipw_mc20",2
"AIPW","Naive",0.440604183850737,0.399576517451774,-0.0410276663989627,0.906883166563707,0.000253160227578828,3.47564430135357e-05,0.000359772383936098,0.000543419725487855,0.00260101659554287,0.496118215879016,0.346101695352561,-0.150016520526455,0.697619406574988,91000006,5000,500,"hal_aipw_mc20",2
"AIPW","Proposed",0.497281673403237,0.366014389863424,-0.131267283539813,0.736030321323804,0.000687624960827363,0.000360432586564989,0.000871149215147933,0.000837909002845316,0.00288360902222658,0.496118215879016,0.346101695352561,-0.150016520526455,0.697619406574988,91000006,5000,500,"hal_aipw_mc20",2
"AIPW","Naive",0.461360513286759,0.522753670794158,0.0613931575073994,1.13306981360418,0.00287513305404941,0.00088328905224346,0.00395434211271474,0.00506289706227724,0.0265154986961,0.49168189116932,0.348617221652308,-0.143064669517012,0.709030021063467,91000007,500,5000,"hal_aipw_mc20",2
"AIPW","Proposed",0.463350218109803,0.40287006568281,-0.060480152426993,0.86947205361483,0.00226650357779723,2.83902762672482e-05,0.00611000610963072,0.00831972913489345,0.0362101081518078,0.49168189116932,0.348617221652308,-0.143064669517012,0.709030021063467,91000007,500,5000,"hal_aipw_mc20",2
"AIPW","Naive",0.459578035309337,0.375172324619756,-0.0844057106895815,0.816340851379529,0.00027276434693581,4.7121551834414e-05,0.000371813657700969,0.00055033490096795,0.00225675041123845,0.504898441866956,0.341733669999494,-0.163164771867462,0.676836451972144,91000008,5000,5000,"hal_aipw_mc20",2
"AIPW","Proposed",0.503977744939047,0.334991530995571,-0.168986213943475,0.664695086954855,0.000256977592747374,2.2968704978839e-05,0.000599378174107729,0.000810418356897425,0.00268660949569123,0.504898441866956,0.341733669999494,-0.163164771867462,0.676836451972144,91000008,5000,5000,"hal_aipw_mc20",2
"AIPW","Naive",0.459258977311398,0.279781100075351,-0.179477877236047,0.609201156422136,0.00273427490001553,0.000347517233875855,0.00353088240894431,0.00557012284120812,0.0195441425176694,0.51293928040328,0.337448247941864,-0.175491032461417,0.65787172250984,91000009,500,500,"hal_aipw_mc20",3
"AIPW","Proposed",0.49957755854492,0.18575999690848,-0.31381756163644,0.371834150135823,0.0025120914224119,0.000254218031950741,0.00374757529609914,0.00575123065460956,0.0156498123873709,0.51293928040328,0.337448247941864,-0.175491032461417,0.65787172250984,91000009,500,500,"hal_aipw_mc20",3
"AIPW","Naive",0.463651775093127,0.361746234516336,-0.101905540576791,0.780211041883054,0.000249449659229335,2.5626512105818e-05,0.000329299038565525,0.000527495673583224,0.00205215648767854,0.49907576568548,0.345072664431631,-0.154003101253849,0.691423403333708,91000010,5000,500,"hal_aipw_mc20",3
"AIPW","Proposed",0.50305026498731,0.341557931237301,-0.161492333750009,0.678973762683371,0.000641183435933967,0.000324647258286347,0.000804706200307826,0.000796595119669098,0.00260587366453362,0.49907576568548,0.345072664431631,-0.154003101253849,0.691423403333708,91000010,5000,500,"hal_aipw_mc20",3
"AIPW","Naive",0.427128226345306,0.363784657921705,-0.0633435684236015,0.85169894070079,0.00245417070870955,0.000428390057022665,0.00283474019851728,0.0044321307931815,0.0212962427041893,0.5046211715726,0.341301392251294,-0.163319779321306,0.676351709912731,91000011,500,5000,"hal_aipw_mc20",3
"AIPW","Proposed",0.457084355191992,0.347094413035683,-0.10998994215631,0.759366206900453,0.00156974707400348,5.36901004882093e-06,0.00200618845853375,0.00356519751243959,0.0138958634723103,0.5046211715726,0.341301392251294,-0.163319779321306,0.676351709912731,91000011,500,5000,"hal_aipw_mc20",3
"AIPW","Naive",0.462843132058921,0.337297246191707,-0.125545885867214,0.728750677775571,0.000277018302774345,3.73537149851335e-05,0.000331717090325097,0.000534027963129175,0.001981069663074,0.500369693725808,0.34592766975152,-0.154442023974288,0.691344168300251,91000012,5000,5000,"hal_aipw_mc20",3
"AIPW","Proposed",0.503633954271037,0.322432729437585,-0.181201224833451,0.640212453316967,0.000301961321528981,1.8885461699183e-05,0.000500087936104657,0.000764278334235272,0.00236419760104719,0.500369693725808,0.34592766975152,-0.154442023974288,0.691344168300251,91000012,5000,5000,"hal_aipw_mc20",3
"AIPW","Naive",0.387675328178888,0.280066511090209,-0.107608817088679,0.722425418212261,0.00242504070268031,0.000311019038123549,0.00324508944019747,0.00504809206663068,0.0270229557496254,0.49260612548384,0.346184173047667,-0.146421952436173,0.702760593380042,91000013,500,500,"hal_aipw_mc20",4
"AIPW","Proposed",0.447108985788043,0.199187418910842,-0.247921566877202,0.44550081801592,0.00182227813512624,0.000195467199950687,0.00371494487558519,0.00514628861081005,0.0195213946328418,0.49260612548384,0.346184173047667,-0.146421952436173,0.702760593380042,91000013,500,500,"hal_aipw_mc20",4
"AIPW","Naive",0.430543308466921,0.371658685056173,-0.0588846234107478,0.863231823018167,0.00024842966758446,2.62777487174587e-05,0.000353052506604005,0.000548926676753547,0.002658540212891,0.49953788284274,0.34603750802358,-0.15350037481916,0.692715247248859,91000014,5000,500,"hal_aipw_mc20",4
"AIPW","Proposed",0.499185884327143,0.327562589587219,-0.171623294739925,0.656193614185912,0.000668527665612591,0.000311129472053161,0.00088365538960238,0.000929924111108648,0.00306274323447749,0.49953788284274,0.34603750802358,-0.15350037481916,0.692715247248859,91000014,5000,500,"hal_aipw_mc20",4
"AIPW","Naive",0.490830068454747,0.418263406008459,-0.072566662446288,0.852155222122505,0.00359358174765336,0.000834341907923123,0.00454337677045942,0.00646827470226653,0.0237883285233555,0.51293928040328,0.342347926855575,-0.170591353547705,0.667423884141639,91000015,500,5000,"hal_aipw_mc20",4
"AIPW","Proposed",0.4540602083254,0.331293416063795,-0.122766792261605,0.729624419822262,0.00290331817868401,2.96966697316186e-05,0.00489932055196639,0.00774324539118716,0.0310498689054013,0.51293928040328,0.342347926855575,-0.170591353547705,0.667423884141639,91000015,500,5000,"hal_aipw_mc20",4
"AIPW","Naive",0.44600504453978,0.36608435147241,-0.0799206930673704,0.820807647703092,0.000283306396784965,4.1549354963096e-05,0.000365489015978122,0.000565696702836895,0.00245400357048563,0.498890918822576,0.345708815611998,-0.153182103210578,0.692954717291505,91000016,5000,5000,"hal_aipw_mc20",4
"AIPW","Proposed",0.497246411972606,0.333586407194755,-0.163660004777851,0.67086739926669,0.000251232236306027,2.01332833057427e-05,0.000456394468910642,0.000667360138605183,0.00219390305383747,0.498890918822576,0.345708815611998,-0.153182103210578,0.692954717291505,91000016,5000,5000,"hal_aipw_mc20",4
"AIPW","Naive",0.503418494874906,0.320184526735446,-0.18323396813946,0.636020587235295,0.00299016928556046,0.000395880669863192,0.00276038147896247,0.00495878942479655,0.0136779083427985,0.50739387451616,0.341456667943933,-0.165937206572227,0.672961746472675,91000017,500,500,"hal_aipw_mc20",5
"AIPW","Proposed",0.543713613411593,0.240732369119099,-0.302981244292494,0.442755824355025,0.0024307139856433,0.000336275437838265,0.00172909393694187,0.00348725704690864,0.00645351666131858,0.50739387451616,0.341456667943933,-0.165937206572227,0.672961746472675,91000017,500,500,"hal_aipw_mc20",5
"AIPW","Naive",0.452467888838953,0.378704772317765,-0.0737631165211879,0.836976018982327,0.000253837943656177,2.94635093021787e-05,0.000366283387484895,0.000561194312536715,0.00241679519643123,0.501016657745972,0.346081946419077,-0.154934711326895,0.690759361127967,91000018,5000,500,"hal_aipw_mc20",5
"AIPW","Proposed",0.522499723018052,0.346300916477677,-0.176198806540375,0.662777224985653,0.000729527595605062,0.000350927424846715,0.00090602058290288,0.000933693328814512,0.00278861831955377,0.501016657745972,0.346081946419077,-0.154934711326895,0.690759361127967,91000018,5000,500,"hal_aipw_mc20",5
"AIPW","Naive",0.446098161528761,0.394099396300887,-0.0519987652278741,0.883436495120993,0.00286361520571454,0.000473059929469206,0.00293765495449475,0.00485515030127088,0.0217923497004264,0.49260612548384,0.350004410487718,-0.142601714996122,0.710515749563491,91000019,500,5000,"hal_aipw_mc20",5
"AIPW","Proposed",0.502843739605068,0.32274423173224,-0.180099507872829,0.641838023052095,0.00204970347601855,1.52929580752681e-05,0.0024222665410692,0.00444138410093722,0.0128416042145639,0.49260612548384,0.350004410487718,-0.142601714996122,0.710515749563491,91000019,500,5000,"hal_aipw_mc20",5
"AIPW","Naive",0.459719943601417,0.360917746891936,-0.098802196709481,0.78508176970642,0.000274487756513442,3.85338116929037e-05,0.000353437157165132,0.000550857290292767,0.00218656630600721,0.501109081177424,0.345528076193333,-0.155581004984091,0.689526670283978,91000020,5000,5000,"hal_aipw_mc20",5
"AIPW","Proposed",0.51341407113997,0.331850119596178,-0.181563951543792,0.646359611569172,0.000233152626182143,2.02650133008004e-05,0.000458476441257133,0.000651099040837675,0.00200947719021463,0.501109081177424,0.345528076193333,-0.155581004984091,0.689526670283978,91000020,5000,5000,"hal_aipw_mc20",5
"AIPW","Naive",0.414476054474288,0.334287986445948,-0.0801880680283398,0.806531481945203,0.00270218686264169,0.000373952379447444,0.00298800892094524,0.00494229102469204,0.0241140012332072,0.51109081177424,0.341848940997462,-0.169241870776778,0.668861449124356,91000021,500,500,"hal_aipw_mc20",6
"AIPW","Proposed",0.42694212051203,0.312030593569044,-0.114911526942986,0.730849870691668,0.0024298264120072,0.000202043317817895,0.00331921631064789,0.0053449560870193,0.0237095180216494,0.51109081177424,0.341848940997462,-0.169241870776778,0.668861449124356,91000021,500,500,"hal_aipw_mc20",6
"AIPW","Naive",0.477858665196914,0.381525589085163,-0.0963330761117515,0.79840676097805,0.000252705380155084,3.00964912839785e-05,0.000320921838056015,0.000513434235643142,0.00190038681615962,0.498890918822576,0.346889136000923,-0.152001782821653,0.695320605994613,91000022,5000,500,"hal_aipw_mc20",6
"AIPW","Proposed",0.526450271954429,0.349820207242298,-0.176630064712131,0.664488605815707,0.000779387979521135,0.000375108889199612,0.000823672145644148,0.000852842346766058,0.00241492403922876,0.498890918822576,0.346889136000923,-0.152001782821653,0.695320605994613,91000022,5000,500,"hal_aipw_mc20",6
"AIPW","Naive",0.402681823701796,0.41010279569224,0.00742097199044339,1.01842887250838,0.00288939787360428,0.000641448762359357,0.00402425376916766,0.00563075411805324,0.0352420371791589,0.48890918822576,0.352906951512199,-0.136002236713561,0.721825156923089,91000023,500,5000,"hal_aipw_mc20",6
"AIPW","Proposed",0.416344041571759,0.34536166034358,-0.0709823812281795,0.829510274819328,0.00250485288011025,1.77173179176904e-05,0.00503367951178825,0.00750309775606311,0.0388124606446287,0.48890918822576,0.352906951512199,-0.136002236713561,0.721825156923089,91000023,500,5000,"hal_aipw_mc20",6
"AIPW","Naive",0.454029373259162,0.381638675951066,-0.0723906973080959,0.840559440486299,0.000293822736003322,4.46075845955791e-05,0.000371846630532825,0.000576454197344989,0.00244710879216794,0.497874261076604,0.346732499841981,-0.151141761234623,0.696425838709168,91000024,5000,5000,"hal_aipw_mc20",6
"AIPW","Proposed",0.497717636970678,0.363629214811183,-0.134088422159495,0.730593388300214,0.000305006912323095,2.30368500802036e-05,0.000538417422966966,0.000797350635129654,0.00269478098365595,0.497874261076604,0.346732499841981,-0.151141761234623,0.696425838709168,91000024,5000,5000,"hal_aipw_mc20",6
"AIPW","Naive",0.423145821069599,0.553696121051352,0.130550299981753,1.3085231933799,0.00244089812231545,0.00066477189339944,0.0040488747493271,0.00516022908484368,0.0362381211636953,0.51201504608876,0.336945664179506,-0.175069381909254,0.65807766149336,91000025,500,500,"hal_aipw_mc20",7
"AIPW","Proposed",0.432617375903814,0.515295872853705,0.0826784969498915,1.19111228895317,0.0020361167194354,0.000259120262484082,0.00418799205183548,0.00570586824630272,0.0345133738163344,0.51201504608876,0.336945664179506,-0.175069381909254,0.65807766149336,91000025,500,500,"hal_aipw_mc20",7
"AIPW","Naive",0.432766775211314,0.374311920663318,-0.0584548545479961,0.864927582484923,0.000260822359050289,2.89605887338592e-05,0.000316057806244471,0.000518958987827042,0.00246189599696013,0.499815153137096,0.344979455641993,-0.154835697495103,0.690214079098493,91000026,5000,500,"hal_aipw_mc20",7
"AIPW","Proposed",0.481021834734283,0.337803131758051,-0.143218702976232,0.702261534436694,0.000660370307441254,0.000337296815143948,0.000883791933140028,0.000869568610293386,0.00317970462765314,0.499815153137096,0.344979455641993,-0.154835697495103,0.690214079098493,91000026,5000,500,"hal_aipw_mc20",7
"AIPW","Naive",0.538112659788661,0.453816289774431,-0.08429637001423,0.843348101032716,0.00300740704373349,0.000959915552973527,0.00387467818326858,0.00496225412105502,0.0151764367925805,0.50369693725808,0.34738433516553,-0.15631260209255,0.689669341760441,91000027,500,5000,"hal_aipw_mc20",7
"AIPW","Proposed",0.547637839032996,0.400816220165017,-0.146821618867979,0.73190015663046,0.00205573573703353,1.47264869706742e-05,0.00384025791220708,0.00586654067529926,0.0164047855761417,0.50369693725808,0.34738433516553,-0.15631260209255,0.689669341760441,91000027,500,5000,"hal_aipw_mc20",7
"AIPW","Naive",0.48414471048013,0.385897828748274,-0.0982468817318557,0.797071248316596,0.000282366479780018,4.73266730143236e-05,0.000377349560020871,0.000565062693772241,0.00205335283707114,0.499722729705644,0.344758173956639,-0.154964555749005,0.689898924869226,91000028,5000,5000,"hal_aipw_mc20",7
"AIPW","Proposed",0.521236593574346,0.3627871532147,-0.158449440359646,0.696012439815307,0.000247431685711544,2.38096483385464e-05,0.000514899299006964,0.000714711688041415,0.00221438099555096,0.499722729705644,0.344758173956639,-0.154964555749005,0.689898924869226,91000028,5000,5000,"hal_aipw_mc20",7
"AIPW","Naive",0.408843174319924,0.403855023984506,-0.00498815033541788,0.987799355232687,0.00214170657119298,0.000231067030391023,0.0034313581133949,0.00511093062380583,0.0302993975718254,0.51109081177424,0.344389306995916,-0.166701504778324,0.673831927833679,91000029,500,500,"hal_aipw_mc20",8
"AIPW","Proposed",0.415588743178595,0.369878379177283,-0.0457103640013125,0.890010581971733,0.00158363004774338,0.000204030562846012,0.00274743508761206,0.00392300400966341,0.0210676580065099,0.51109081177424,0.344389306995916,-0.166701504778324,0.673831927833679,91000029,500,500,"hal_aipw_mc20",8
"AIPW","Naive",0.4555403734358,0.366410274622069,-0.0891300988137306,0.804342042964295,0.000250716825411493,2.70388043935772e-05,0.000333037589990335,0.000529676806614673,0.00217691041526915,0.50554540588712,0.341677010732201,-0.163868395154919,0.675858205323088,91000030,5000,500,"hal_aipw_mc20",8
"AIPW","Proposed",0.510858432763183,0.353602101191532,-0.157256331571651,0.69217238771793,0.000668075281324754,0.000346931280575224,0.000911124465636866,0.000885337185811171,0.00287738182932923,0.50554540588712,0.341677010732201,-0.163868395154919,0.675858205323088,91000030,5000,500,"hal_aipw_mc20",8
"AIPW","Naive",0.506157446743042,0.493926797863706,-0.0122306488793357,0.975836275929484,0.00283498213919589,0.00110862546015318,0.00520992079339731,0.00582765201228684,0.0224277164290033,0.49353035979836,0.348807235663748,-0.144723124134612,0.706759429766913,91000031,500,5000,"hal_aipw_mc20",8
"AIPW","Proposed",0.542268089532153,0.418188819408465,-0.124079270123687,0.771184636310173,0.00159487797984114,2.09658263557937e-05,0.0114072069712419,0.0129601532983715,0.0419084806884891,0.49353035979836,0.348807235663748,-0.144723124134612,0.706759429766913,91000031,500,5000,"hal_aipw_mc20",8
"AIPW","Naive",0.442117411624256,0.396799915754027,-0.0453174958702288,0.89749895688627,0.000270016739125329,4.38871729076534e-05,0.000363893704705853,0.000546136098015876,0.00257134920294767,0.500277270294356,0.345589076439235,-0.154688193855121,0.690795078968699,91000032,5000,5000,"hal_aipw_mc20",8
"AIPW","Proposed",0.478553569000462,0.373880846502127,-0.104672722498335,0.781272715786112,0.000261243747221838,2.03047636149627e-05,0.000492992733024032,0.000713626953015945,0.00271043134747945,0.500277270294356,0.345589076439235,-0.154688193855121,0.690795078968699,91000032,5000,5000,"hal_aipw_mc20",8
"AIPW","Naive",0.447228595425605,0.348917622512751,-0.0983109729128541,0.78017735467184,0.00302623522424726,0.000507676541499104,0.00390140577415706,0.00591228791540611,0.0247545852717044,0.49815153137096,0.342828855945726,-0.155322675425234,0.688201951326394,91000033,500,500,"hal_aipw_mc20",9
"AIPW","Proposed",0.449703305136455,0.316485311733862,-0.133217993402592,0.703764700234592,0.00256576990148922,0.000271215388672128,0.00402066161090043,0.0060440007350454,0.0242774580269308,0.49815153137096,0.342828855945726,-0.155322675425234,0.688201951326394,91000033,500,500,"hal_aipw_mc20",9
"AIPW","Naive",0.453744301484292,0.421484370546813,-0.0322599309374785,0.928902840582351,0.000254514858667455,3.47869820803218e-05,0.000374315831021709,0.00055925672552852,0.00257086258734826,0.500369693725808,0.346367593368016,-0.154002100357792,0.692223365465891,91000034,5000,500,"hal_aipw_mc20",9
"AIPW","Proposed",0.500654363532738,0.39147847526191,-0.109175888270828,0.781933612841289,0.000651357117533081,0.000385962501530381,0.00100657855944781,0.000886010673920131,0.00319657697412643,0.500369693725808,0.346367593368016,-0.154002100357792,0.692223365465891,91000034,5000,500,"hal_aipw_mc20",9
"AIPW","Naive",0.454491648246514,0.499031435452567,0.0445397872060529,1.09799913238867,0.00296175466570696,0.000887828096229297,0.00426694854841516,0.00545304702166352,0.028504557728091,0.50554540588712,0.342172369127433,-0.163373036759687,0.676838054787574,91000035,500,5000,"hal_aipw_mc20",9
"AIPW","Proposed",0.448164123083682,0.466446197918971,0.0182820748352893,1.04079325830344,0.00345278422523347,2.0113015653833e-05,0.00512972100597329,0.00854227919989909,0.0439533836531312,0.50554540588712,0.342172369127433,-0.163373036759687,0.676838054787574,91000035,500,5000,"hal_aipw_mc20",9
"AIPW","Naive",0.432862230712365,0.390169431364812,-0.0426927993475535,0.901370929782223,0.000264227967039644,4.24888332956365e-05,0.000368769483070721,0.000548019783519092,0.00270508109826141,0.505175712161312,0.343236840314275,-0.161938871847037,0.679440503673053,91000036,5000,5000,"hal_aipw_mc20",9
"AIPW","Proposed",0.47142283323442,0.355729724627576,-0.115693108606844,0.754587388538063,0.000242326678294113,2.1121570676503e-05,0.000488565543165547,0.000688649080106654,0.00267581037758791,0.505175712161312,0.343236840314275,-0.161938871847037,0.679440503673053,91000036,5000,5000,"hal_aipw_mc20",9
"AIPW","Naive",0.429156498867151,0.468125909750521,0.0389694108833705,1.09080466213663,0.00270923195598861,0.00072543678273885,0.00429468461811577,0.00555304300862668,0.032228304385815,0.49168189116932,0.34369907762736,-0.14798281354196,0.699027326001316,91000037,500,500,"hal_aipw_mc20",10
"AIPW","Proposed",0.457852341360683,0.400441087507763,-0.0574112538529201,0.874607490960294,0.00224717129105386,0.000325545216542135,0.00683990189404007,0.00843598275200966,0.0381121387219722,0.49168189116932,0.34369907762736,-0.14798281354196,0.699027326001316,91000037,500,500,"hal_aipw_mc20",10
"AIPW","Naive",0.460144126264114,0.384980667796577,-0.0751634584675369,0.836652356995655,0.000265782986069961,3.05088013652237e-05,0.000354332922660105,0.000559098305999618,0.00231106141280497,0.502033315491944,0.342669285553872,-0.159364029938072,0.682562839914496,91000038,5000,500,"hal_aipw_mc20",10
"AIPW","Proposed",0.487826379510376,0.355218912813198,-0.132607466697179,0.728166675139063,0.000714912682391979,0.000359536636467868,0.000932975030960681,0.000928814440416924,0.00331310867442508,0.502033315491944,0.342669285553872,-0.159364029938072,0.682562839914496,91000038,5000,500,"hal_aipw_mc20",10
"AIPW","Naive",0.445159648699578,0.301659769717323,-0.143499878982255,0.677644010634266,0.0028218048759041,0.000338676488220595,0.00301268844261198,0.00515714034207489,0.0194253272610739,0.48243954802412,0.354401746843807,-0.128037801180313,0.734603430202386,91000039,500,5000,"hal_aipw_mc20",10
"AIPW","Proposed",0.511264317751649,0.266403956569217,-0.244860361182431,0.52106894089688,0.00164451117672275,4.15420295262858e-06,0.00286037489692138,0.00449657766773886,0.0126345168224983,0.48243954802412,0.354401746843807,-0.128037801180313,0.734603430202386,91000039,500,5000,"hal_aipw_mc20",10
"AIPW","Naive",0.430608629525012,0.419532029205504,-0.0110766003195077,0.974276873336872,0.000251713278727192,4.71975458486009e-05,0.000393690331960356,0.000551008518990347,0.00291577202110346,0.50046211715726,0.34549597575884,-0.15496614139842,0.690353902751595,91000040,5000,5000,"hal_aipw_mc20",10
"AIPW","Proposed",0.478949934339289,0.397324436957456,-0.0816254973818323,0.829574050376613,0.000205653514497532,2.07376511826866e-05,0.000576664244418049,0.000740842456550208,0.0029808521729081,0.50046211715726,0.34549597575884,-0.15496614139842,0.690353902751595,91000040,5000,5000,"hal_aipw_mc20",10
"AIPW","Naive",0.403504004818725,0.439119397867181,0.0356153930484566,1.08826527772496,0.0026520114990692,0.000476784863167438,0.00395828386631679,0.00565672563905111,0.0372285283778158,0.49630306274192,0.342715543249034,-0.153587519492886,0.690536829161676,91000041,500,500,"hal_aipw_mc20",11
"AIPW","Proposed",0.436747247500897,0.349578169992456,-0.0871690775084416,0.800412989418411,0.00207952906568595,0.000302293667998037,0.00461930561748339,0.00609424734717326,0.0286642827193941,0.49630306274192,0.342715543249034,-0.153587519492886,0.690536829161676,91000041,500,500,"hal_aipw_mc20",11
"AIPW","Naive",0.45455204757706,0.345398923124071,-0.109153124452989,0.7598666092589,0.000257935967373754,2.42598448689353e-05,0.000336748980461036,0.000546165258096919,0.00217218711496626,0.503327243532272,0.343452384907279,-0.159874858624993,0.682363987486518,91000042,5000,500,"hal_aipw_mc20",11
"AIPW","Proposed",0.497764619158569,0.302415740299204,-0.195348878859364,0.607547681493341,0.000689585881928481,0.000332086976179286,0.000785368294939037,0.000810780224508947,0.00256846215093755,0.503327243532272,0.343452384907279,-0.159874858624993,0.682363987486518,91000042,5000,500,"hal_aipw_mc20",11
"AIPW","Naive",0.489122634162042,0.589002733443568,0.0998800992815265,1.20420257069608,0.00310634784308134,0.00125965527016496,0.00512136431578089,0.00570840161853231,0.0275543587367227,0.50646964020164,0.338551995385548,-0.167917644816092,0.668454668380045,91000043,500,5000,"hal_aipw_mc20",11
"AIPW","Proposed",0.481955650411727,0.498110149729089,0.0161544993173619,1.03351864285347,0.00213868266116585,2.40512541945333e-05,0.0131529366998814,0.0152435168526582,0.0662458931998321,0.50646964020164,0.338551995385548,-0.167917644816092,0.668454668380045,91000043,500,5000,"hal_aipw_mc20",11
"AIPW","Naive",0.45095346765578,0.354193175866211,-0.0967602917895697,0.78543176019343,0.000276350102904741,4.01486300097845e-05,0.000344718031881342,0.000540770874766513,0.00222331526145541,0.496395486173372,0.346020760576897,-0.150374725596475,0.697066694228652,91000044,5000,5000,"hal_aipw_mc20",11
"AIPW","Proposed",0.498783885563108,0.322437873145078,-0.17634601241803,0.64644805591716,0.000229711770667295,1.94125343697168e-05,0.00047337648906449,0.000664263190992352,0.0021877232240074,0.496395486173372,0.346020760576897,-0.150374725596475,0.697066694228652,91000044,5000,5000,"hal_aipw_mc20",11
"AIPW","Naive",0.549077672229771,0.429958734904106,-0.119118937325666,0.783056308150483,0.00336619529726598,0.000817878747875455,0.0038832736126117,0.00561371141412677,0.0154781749124237,0.5092423431452,0.340793960553496,-0.168448382591704,0.669217642917659,91000045,500,500,"hal_aipw_mc20",12
"AIPW","Proposed",0.561967177555055,0.391254673434683,-0.170712504120372,0.696223354425984,0.0026163250171731,0.000404622865174449,0.00494774433385806,0.00675482362068227,0.0178986845833728,0.5092423431452,0.340793960553496,-0.168448382591704,0.669217642917659,91000045,500,500,"hal_aipw_mc20",12
"AIPW","Naive",0.443372411724859,0.380208903622775,-0.0631635081020837,0.857538479094002,0.000250127655510532,2.87181148076631e-05,0.000326221789511466,0.000518913215406672,0.00234462848911107,0.497042450193536,0.345974903441777,-0.151067546751758,0.696067113195389,91000046,5000,500,"hal_aipw_mc20",12
"AIPW","Proposed",0.511085140576339,0.349111194764963,-0.161973945811376,0.683078350451117,0.000665628264923945,0.000349844389736618,0.000900518797183538,0.000866458282634248,0.00280678994873524,0.497042450193536,0.345974903441777,-0.151067546751758,0.696067113195389,91000046,5000,500,"hal_aipw_mc20",12
"AIPW","Naive",0.501395614262181,0.502737481708523,0.00134186744634168,1.00267626482596,0.00303922036087427,0.000987247869587673,0.00393434241637365,0.00499906703807257,0.0199288808128622,0.48059107939508,0.355373987549629,-0.12521709184545,0.739451901597797,91000047,500,5000,"hal_aipw_mc20",12
"AIPW","Proposed",0.517171502775287,0.501968065334155,-0.0152034374411313,0.970602716198504,0.00199622150365918,1.78531358577502e-05,0.00496679023550907,0.00692730546745275,0.0254712899457794,0.48059107939508,0.355373987549629,-0.12521709184545,0.739451901597797,91000047,500,5000,"hal_aipw_mc20",12
"AIPW","Naive",0.452061592053945,0.406965030692608,-0.045096561361337,0.900242440070079,0.000288792903085251,4.68359168886487e-05,0.000356753397273821,0.000551874466581775,0.00247834761255303,0.501940892060492,0.343774044541727,-0.158166847518765,0.684889495913588,91000048,5000,5000,"hal_aipw_mc20",12
"AIPW","Proposed",0.494321183365134,0.362473747964021,-0.131847435401113,0.733275773246151,0.000299116115707569,2.41748647284901e-05,0.000608789245081807,0.000859555631332396,0.00300453446477565,0.501940892060492,0.343774044541727,-0.158166847518765,0.684889495913588,91000048,5000,5000,"hal_aipw_mc20",12
"AIPW","Naive",0.529883189602889,0.389152284146444,-0.140730905456445,0.734411454792682,0.00309412172028277,0.000648417439272906,0.00387801983262395,0.00567530667436091,0.0163634082734546,0.50184846862904,0.343764510395142,-0.158083958233898,0.684996631222659,91000049,500,500,"hal_aipw_mc20",13
"AIPW","Proposed",0.539044030188436,0.301153868100937,-0.237890162087499,0.558681390081736,0.00234509543009385,0.000315892346673419,0.00480898773913654,0.00652229847588355,0.0178546010776288,0.50184846862904,0.343764510395142,-0.158083958233898,0.684996631222659,91000049,500,500,"hal_aipw_mc20",13
"AIPW","Naive",0.46342088819843,0.353166112681388,-0.110254775517042,0.762085011002282,0.000257978029991242,2.4991869420274e-05,0.000332711551137218,0.000540705842287911,0.00206951363730319,0.500184846862904,0.345945069416823,-0.154239777446081,0.691634445918438,91000050,5000,500,"hal_aipw_mc20",13
"AIPW","Proposed",0.504034370338757,0.319375656925854,-0.184658713412903,0.633638647918403,0.000714278711354003,0.000334476487060091,0.00087219916160092,0.00091752489883474,0.00289354167041112,0.500184846862904,0.345945069416823,-0.154239777446081,0.691634445918438,91000050,5000,500,"hal_aipw_mc20",13
"AIPW","Naive",0.42,0.430555555555556,0.0105555555555557,1.02513227513228,0.00309637363133526,0.000676500879313023,0.00409963118654771,0.00584300305925693,0.0338242213219518,0.50184846862904,0.348795754540128,-0.153052714088912,0.695022056145703,91000051,500,5000,"hal_aipw_mc20",13
"AIPW","Proposed",0.42,0.391044001354443,-0.0289559986455574,0.931057146082006,0.00245260254795812,1.81758696061708e-05,0.00420297857048278,0.00661922937922856,0.0356871555591552,0.50184846862904,0.348795754540128,-0.153052714088912,0.695022056145703,91000051,500,5000,"hal_aipw_mc20",13
"AIPW","Naive",0.477462385860085,0.395106192139342,-0.0823561937207429,0.827512708519669,0.000283317353918582,4.95859722205549e-05,0.000369860882954821,0.000554006292432293,0.00211345102042192,0.496950026762084,0.345929869241346,-0.151020157520738,0.696105947503975,91000052,5000,5000,"hal_aipw_mc20",13
"AIPW","Proposed",0.531291775765596,0.362502757319912,-0.168789018445684,0.682304477229189,0.000248683802483256,2.46313414832179e-05,0.000495324956963221,0.000694746076480041,0.00204585315593719,0.496950026762084,0.345929869241346,-0.151020157520738,0.696105947503975,91000052,5000,5000,"hal_aipw_mc20",13
"AIPW","Naive",0.556882261046248,0.35984481997765,-0.197037441068598,0.646177558792388,0.00319133114133339,0.000645862250377514,0.0038467796622356,0.00574638630281397,0.014009583769208,0.4907576568548,0.347715809341982,-0.143041847512818,0.708528546595576,91000053,500,500,"hal_aipw_mc20",14
"AIPW","Proposed",0.553571428571428,0.317253117274873,-0.236318311296555,0.573102405399771,0.00256293133244044,0.000434141058070055,0.00543638462380542,0.00713103384010575,0.0188634986185691,0.4907576568548,0.347715809341982,-0.143041847512818,0.708528546595576,91000053,500,500,"hal_aipw_mc20",14
"AIPW","Naive",0.45049827698404,0.367372259498152,-0.0831260174858883,0.815479832592494,0.000251382992756853,2.76178524176423e-05,0.000350750830720035,0.000546898118641603,0.00233004090570605,0.49953788284274,0.344948360757074,-0.154589522085666,0.690534937598852,91000054,5000,500,"hal_aipw_mc20",14
"AIPW","Proposed",0.521399424675856,0.348477516272746,-0.17292190840311,0.668350404278616,0.000691443390504026,0.000334561376015957,0.00099877123928538,0.00102109187775749,0.00316498766139099,0.49953788284274,0.344948360757074,-0.154589522085666,0.690534937598852,91000054,5000,500,"hal_aipw_mc20",14
"AIPW","Naive",0.397928653004001,0.40635035272271,0.00842169971870893,1.02116384345569,0.0025940970336316,0.0006556700802203,0.00381004032054259,0.00509279719373359,0.0326877129457475,0.50831810883068,0.345843301111851,-0.162474807718829,0.680367854506341,91000055,500,5000,"hal_aipw_mc20",14
"AIPW","Proposed",0.473633262250051,0.36151254412321,-0.112120718126841,0.763275244660398,0.00219759107770971,1.12111307162307e-05,0.00381468897668172,0.00598985779295897,0.0226358575494464,0.50831810883068,0.345843301111851,-0.162474807718829,0.680367854506341,91000055,500,5000,"hal_aipw_mc20",14
"AIPW","Naive",0.441133317528951,0.371097465665989,-0.0700358518629624,0.841236539884871,0.00028960515479646,4.26746748137646e-05,0.000342413556067621,0.000546669361236552,0.00244381006420883,0.497134873624988,0.345405361744523,-0.151729511880465,0.694792057587733,91000056,5000,5000,"hal_aipw_mc20",14
"AIPW","Proposed",0.492352633065642,0.335528423358919,-0.156824209706723,0.681479900431822,0.000262151037989889,2.15423135038325e-05,0.000492337102650463,0.000711403513632687,0.002412111469605,0.497134873624988,0.345405361744523,-0.151729511880465,0.694792057587733,91000056,5000,5000,"hal_aipw_mc20",14
"AIPW","Naive",0.498066602220883,0.333735586513457,-0.164331015707426,0.670062166435828,0.00285664429687662,0.000430270219765774,0.0033572747387064,0.00535337859605146,0.0163794057219612,0.50184846862904,0.344045008395417,-0.157803460233624,0.685555560895275,91000057,500,500,"hal_aipw_mc20",15
"AIPW","Proposed",0.546593483856773,0.293091199057997,-0.253502284798775,0.536214220831798,0.00277693203059116,0.000345828419365168,0.00291338169197409,0.00499865688383492,0.0111825383137905,0.50184846862904,0.344045008395417,-0.157803460233624,0.685555560895275,91000057,500,500,"hal_aipw_mc20",15
"AIPW","Naive",0.464676272992293,0.379399063187104,-0.0852772098051883,0.816480386966944,0.000273965440181845,3.37908627837767e-05,0.000355476650083268,0.00056186036469756,0.00223659154179217,0.50277270294356,0.344602696481188,-0.158170006462372,0.685404546554852,91000058,5000,500,"hal_aipw_mc20",15
"AIPW","Proposed",0.490066064864219,0.345122340813622,-0.144943724050598,0.704236358233136,0.000690509456574348,0.000382596136379749,0.000849893981748177,0.000775211165563027,0.00272094525761629,0.50277270294356,0.344602696481188,-0.158170006462372,0.685404546554852,91000058,5000,500,"hal_aipw_mc20",15
"AIPW","Naive",0.453698785801633,0.376349053732921,-0.077349732068712,0.829513028270411,0.00311757315897034,0.000588043154753493,0.0037820662422066,0.00572355309166995,0.0240555858475187,0.50277270294356,0.343266514521439,-0.159506188422121,0.6827469202519,91000059,500,5000,"hal_aipw_mc20",15
"AIPW","Proposed",0.46140443766809,0.330157700162413,-0.131246737505677,0.7155494685552,0.00231267253500771,1.8506368483094e-05,0.0028186474382578,0.00509430723629932,0.0186772564713718,0.50277270294356,0.343266514521439,-0.159506188422121,0.6827469202519,91000059,500,5000,"hal_aipw_mc20",15
"AIPW","Naive",0.443929978396625,0.403005989747647,-0.0409239886489787,0.907814316129794,0.000273943385941109,4.70676821545114e-05,0.000368059118821401,0.000547867140453487,0.00257957027297501,0.502957549806464,0.342868166971814,-0.16008938283465,0.681703986954263,91000060,5000,5000,"hal_aipw_mc20",15
"AIPW","Proposed",0.494450469854329,0.3718875097489,-0.122562960105429,0.752122876652262,0.000258889156332635,2.03978254793416e-05,0.000589037144037465,0.000807130649411418,0.00288285688182776,0.502957549806464,0.342868166971814,-0.16008938283465,0.681703986954263,91000060,5000,5000,"hal_aipw_mc20",15
"AIPW","Naive",0.457183945030896,0.346032845238481,-0.111151099792414,0.756878820876129,0.00251228480291851,0.000414722654644038,0.00308334880643076,0.00476618830006119,0.018633688451331,0.48983342254028,0.350636972054515,-0.139196450485764,0.715829006187674,91000061,500,500,"hal_aipw_mc20",16
"AIPW","Proposed",0.513009229013459,0.294568312529304,-0.218440916484155,0.5741969069363,0.00236107467684351,0.000216794641302007,0.00411389708131823,0.00604138247555772,0.0176434748777178,0.48983342254028,0.350636972054515,-0.139196450485764,0.715829006187674,91000061,500,500,"hal_aipw_mc20",16
"AIPW","Naive",0.439788141209502,0.3729496792987,-0.0668384619108016,0.848021227386935,0.000253784975859721,2.56858292415857e-05,0.000348134441772918,0.000550547759149468,0.00251831872177898,0.499168189116932,0.345147839462099,-0.154020349654833,0.691445983512476,91000062,5000,500,"hal_aipw_mc20",16
"AIPW","Proposed",0.467679506054649,0.329569715117304,-0.138109790937345,0.704691377002082,0.000645019583211706,0.000324784129882644,0.000887824633284684,0.000883275956731102,0.0034307588692712,0.499168189116932,0.345147839462099,-0.154020349654833,0.691445983512476,91000062,5000,500,"hal_aipw_mc20",16
"AIPW","Naive",0.446618049671135,0.360861388695179,-0.085756660975956,0.807986575914022,0.00250790626491922,0.000494108235706822,0.00294941053408433,0.00446910032758991,0.0189916088607786,0.49168189116932,0.350017314403409,-0.141664576765911,0.711877579161998,91000063,500,5000,"hal_aipw_mc20",16
"AIPW","Proposed",0.505905844204041,0.268244702986936,-0.237661141217105,0.53022653535259,0.00122710830944935,9.63792423160374e-06,0.00207835113980423,0.00328618360079037,0.00942843324346444,0.49168189116932,0.350017314403409,-0.141664576765911,0.711877579161998,91000063,500,5000,"hal_aipw_mc20",16
"AIPW","Naive",0.474343732183337,0.358595872728668,-0.115747859454669,0.755983158200704,0.000280454374185842,4.05839011655233e-05,0.000350963326059736,0.000550249897914531,0.00199946894491156,0.502125738923396,0.343419392329635,-0.158706346593761,0.683931066879698,91000064,5000,5000,"hal_aipw_mc20",16
"AIPW","Proposed",0.505308015779214,0.328806301994732,-0.176501713784482,0.650704702334266,0.000234924024582638,2.2154354962112e-05,0.000446598910766445,0.000637214225424859,0.00202571267799459,0.502125738923396,0.343419392329635,-0.158706346593761,0.683931066879698,91000064,5000,5000,"hal_aipw_mc20",16
"AIPW","Naive",0.417851389826266,0.396795977830024,-0.0210554119962418,0.94961028607564,0.00250690953367732,0.000378604501943895,0.00351963144610437,0.0052693319758939,0.0289874812527069,0.5046211715726,0.343609452009972,-0.161011719562628,0.680925556371621,91000065,500,500,"hal_aipw_mc20",17
"AIPW","Proposed",0.47677925148497,0.310532771898928,-0.166246479586042,0.651313518639384,0.00195642984700966,0.00024049770532163,0.00432000309215833,0.00579543752852472,0.0212770231144049,0.5046211715726,0.343609452009972,-0.161011719562628,0.680925556371621,91000065,500,500,"hal_aipw_mc20",17
"AIPW","Naive",0.449495081867397,0.362816326551414,-0.0866787553159827,0.807164174175429,0.000247725556440545,2.5336739283277e-05,0.000341499722697243,0.000538551800571234,0.00228658309134006,0.5046211715726,0.342235895703136,-0.162385275869464,0.678203601003487,91000066,5000,500,"hal_aipw_mc20",17
"AIPW","Proposed",0.490547536027268,0.349023993673826,-0.141523542353442,0.711498821297565,0.000629087771282761,0.000320320893856465,0.000927492654653649,0.000915938638223481,0.00328353751847138,0.5046211715726,0.342235895703136,-0.162385275869464,0.678203601003487,91000066,5000,500,"hal_aipw_mc20",17
"AIPW","Naive",0.417127142686917,0.361188063990685,-0.0559390786962314,0.865894416901521,0.0023394328456143,0.000559256190548043,0.00327107744962997,0.00449199791414818,0.0233145004016996,0.50092423431452,0.343586205620757,-0.157338028693763,0.685904538220098,91000067,500,5000,"hal_aipw_mc20",17
"AIPW","Proposed",0.467282230697055,0.35112613579028,-0.116156094906775,0.751421973111406,0.00142307110158517,7.20692942375889e-06,0.00357183025226982,0.00498048749500747,0.0199883739687176,0.50092423431452,0.343586205620757,-0.157338028693763,0.685904538220098,91000067,500,5000,"hal_aipw_mc20",17
"AIPW","Naive",0.466818597605794,0.378998626475357,-0.0878199711304364,0.811875594543908,0.000281149427372282,4.69640173596003e-05,0.000362356526878662,0.000549577919531744,0.00216325668606117,0.498336378233864,0.345882870885706,-0.152453507348158,0.69407509865432,91000068,5000,5000,"hal_aipw_mc20",17
"AIPW","Proposed",0.511038786107275,0.354618050146434,-0.156420735960841,0.693916117106607,0.000228698094530267,2.16641895122013e-05,0.00054357206894691,0.000728941784452774,0.00238791119566091,0.498336378233864,0.345882870885706,-0.152453507348158,0.69407509865432,91000068,5000,5000,"hal_aipw_mc20",17
"AIPW","Naive",0.43442957125637,0.434580745495989,0.000151174239619412,1.00034798330874,0.00280967374455714,0.00069947952946696,0.00442117592120331,0.00583189060682653,0.0309086465393776,0.4907576568548,0.35034179672791,-0.14041586012689,0.713879430783014,91000069,500,500,"hal_aipw_mc20",18
"AIPW","Proposed",0.506463261974671,0.35441055061591,-0.152052711358761,0.699775437282625,0.00314310886631785,0.000312534438447283,0.0123815001763608,0.014899540165784,0.052565157792044,0.4907576568548,0.35034179672791,-0.14041586012689,0.713879430783014,91000069,500,500,"hal_aipw_mc20",18
"AIPW","Naive",0.444436064984541,0.396549208996765,-0.0478868559877753,0.892252542580132,0.000263950342506188,2.80632067423568e-05,0.000365259563246671,0.000573083492268145,0.00265950923894467,0.497504567350796,0.345969275226331,-0.151535292124465,0.695409244318323,91000070,5000,500,"hal_aipw_mc20",18
"AIPW","Proposed",0.50376959415274,0.35400856754665,-0.14976102660609,0.702719202698281,0.00068192152559535,0.00036099078830396,0.000997774747152977,0.000957714696140407,0.00325933728617947,0.497504567350796,0.345969275226331,-0.151535292124465,0.695409244318323,91000070,5000,500,"hal_aipw_mc20",18
"AIPW","Naive",0.470614948698902,0.343211685503918,-0.127403263194984,0.729283433203274,0.00299471297227697,0.000580032556936353,0.00333723615898538,0.00517188401738964,0.0184395877304916,0.50831810883068,0.341859062133878,-0.166459046696802,0.672529772587249,91000071,500,5000,"hal_aipw_mc20",18
"AIPW","Proposed",0.484205067011983,0.272382033570031,-0.211823033441952,0.562534455186299,0.00194292929204982,1.89845714210933e-05,0.00269466869196281,0.00459962884117044,0.0140246374816942,0.50831810883068,0.341859062133878,-0.166459046696802,0.672529772587249,91000071,500,5000,"hal_aipw_mc20",18
"AIPW","Naive",0.436535256039633,0.386943619022047,-0.0495916370175856,0.886397177933589,0.000263332510428041,3.85042715236078e-05,0.000346639129873761,0.000532963097254587,0.00254655542247463,0.500092423431452,0.346091174168308,-0.154001249263144,0.692054424247335,91000072,5000,5000,"hal_aipw_mc20",18
"AIPW","Proposed",0.490165335063435,0.349396226054806,-0.140769109008629,0.712813006267749,0.000226247320155335,1.97309780621512e-05,0.000555977931523883,0.000742763295554915,0.00267543593743544,0.500092423431452,0.346091174168308,-0.154001249263144,0.692054424247335,91000072,5000,5000,"hal_aipw_mc20",18
"AIPW","Naive",0.478502089612285,0.4388443706606,-0.0396577189516849,0.9171211164745,0.00253814963511003,0.000737174046549509,0.00389069159469073,0.00495449313670175,0.0204110544295898,0.49260612548384,0.351209119035121,-0.141397006448719,0.712961331307363,91000073,500,500,"hal_aipw_mc20",19
"AIPW","Proposed",0.553521460422282,0.471063931722822,-0.0824575286994592,0.851031017593153,0.00247460110990011,0.000274210786175387,0.00625628163618441,0.00818246117373374,0.0247458987365163,0.49260612548384,0.351209119035121,-0.141397006448719,0.712961331307363,91000073,500,500,"hal_aipw_mc20",19
"AIPW","Naive",0.437088070405944,0.414645259509515,-0.0224428108964286,0.948653801336685,0.000259760646095403,2.98418875312392e-05,0.000350802525202829,0.000550879396235754,0.00276348827371499,0.500092423431452,0.344447931357496,-0.155644492073956,0.688768546009995,91000074,5000,500,"hal_aipw_mc20",19
"AIPW","Proposed",0.491477908574928,0.357476754711523,-0.134001153863405,0.727350606150437,0.00066595557945811,0.000372142925525219,0.000992660437004766,0.000914330165412438,0.0033269232188408,0.500092423431452,0.344447931357496,-0.155644492073956,0.688768546009995,91000074,5000,500,"hal_aipw_mc20",19
"AIPW","Naive",0.428571428571429,0.402777777777778,-0.0257936507936508,0.939814814814815,0.00346841068249987,0.000729906529247804,0.0040288142632879,0.00603741188729216,0.0311440766070695,0.51016657745972,0.334955631222498,-0.175210946237223,0.656561299821613,91000075,500,5000,"hal_aipw_mc20",19
"AIPW","Proposed",0.482226172898116,0.464797232863575,-0.0174289400345413,0.963857332898802,0.00397887826212819,5.65754875482679e-06,0.0104590917860344,0.014426654950653,0.0608261817848805,0.51016657745972,0.334955631222498,-0.175210946237223,0.656561299821613,91000075,500,5000,"hal_aipw_mc20",19
"AIPW","Naive",0.469016898530747,0.360819073231708,-0.10819782529904,0.769309324167248,0.000287961677551839,4.31074525967275e-05,0.000354077325206589,0.000555824097564972,0.00208284517510019,0.502495432649204,0.341697368326102,-0.160798064323102,0.680000943540204,91000076,5000,5000,"hal_aipw_mc20",19
"AIPW","Proposed",0.512428380809864,0.323343935668123,-0.189084445141742,0.631003175813751,0.000246463700369531,2.16290254322374e-05,0.000406691324147521,0.000609896973652577,0.00181858253930692,0.502495432649204,0.341697368326102,-0.160798064323102,0.680000943540204,91000076,5000,5000,"hal_aipw_mc20",19
"AIPW","Naive",0.513195340131306,0.443905788771262,-0.0692895513600438,0.864984059788393,0.00310458268364999,0.000742304671294828,0.00352038857859552,0.00514036191965586,0.0173105339450294,0.5138635147178,0.339818311237895,-0.174045203479905,0.661300718001966,91000077,500,500,"hal_aipw_mc20",20
"AIPW","Proposed",0.51141491844865,0.424442117403306,-0.0869728010453436,0.82993691050474,0.00257004314202962,0.000352489657565526,0.00349213116225353,0.0053571949891521,0.0178832417682224,0.5138635147178,0.339818311237895,-0.174045203479905,0.661300718001966,91000077,500,500,"hal_aipw_mc20",20
"AIPW","Naive",0.457045008235048,0.428158728601466,-0.0288862796335819,0.936797735205268,0.000258430539649915,3.56350251999131e-05,0.000351389680376573,0.000538550169626662,0.00244827312626784,0.501293928040328,0.343341518394923,-0.157952409645405,0.684910586763184,91000078,5000,500,"hal_aipw_mc20",20
"AIPW","Proposed",0.510635116028076,0.403908109240824,-0.106727006787252,0.790991642687214,0.000695507172325608,0.000415214928089753,0.000955149378778364,0.000820226694924467,0.00281283885853815,0.501293928040328,0.343341518394923,-0.157952409645405,0.684910586763184,91000078,5000,500,"hal_aipw_mc20",20
"AIPW","Naive",0.483841236255735,0.366384839830466,-0.117456396425269,0.757241864430119,0.00288734006469372,0.000634062962550397,0.00349889657718154,0.00511811071677447,0.0179163664191179,0.51201504608876,0.3406779893416,-0.171337056747161,0.665367144860312,91000079,500,5000,"hal_aipw_mc20",20
"AIPW","Proposed",0.472231438794569,0.324266309977128,-0.147965128817441,0.686668195588289,0.00218280079230301,1.76068743210755e-05,0.00328249469216799,0.00543008173582886,0.0192263913184139,0.51201504608876,0.3406779893416,-0.171337056747161,0.665367144860312,91000079,500,5000,"hal_aipw_mc20",20
"AIPW","Naive",0.44945378698097,0.398287574057324,-0.051166212923646,0.886159123794829,0.000274648020488505,4.98677972104348e-05,0.000358872153797377,0.000533784579865013,0.00240665662963262,0.499722729705644,0.344926327253617,-0.154796402452027,0.690235418062316,91000080,5000,5000,"hal_aipw_mc20",20
"AIPW","Proposed",0.491277930064639,0.361622198319208,-0.12965573174543,0.736084762186709,0.000241817228007318,2.37677317156268e-05,0.000581290570447814,0.000775572335023878,0.00280634265739248,0.499722729705644,0.344926327253617,-0.154796402452027,0.690235418062316,91000080,5000,5000,"hal_aipw_mc20",20
